{
    "Delivered": {
        "316271:6683": 0.03545302750258633,
        "316766:6714": 0.5655341765107368,
        "316590:6702": 0.1908646992193042,
        "316928:6724": 0.04862318631235664,
        "315690:6639": 0.11772610760563681,
        "316615:6706": 0.049805277712444605,
        "315357:6620": 0.15845732819435318,
        "316470:6694": 0.11752493930593838,
        "316361:6688": 0.032629840313337315,
        "316363:6688": 0.005507464470496519,
        "316362:6688": 0.057688343577537236,
        "316199:6675": 0.4068781688682941,
        "316114:6666": 0.37166197665808626,
        "316110:6666": 0.08414773991670679,
        "316758:6712": 0.4599586542881448,
        "316613:6706": 0.03574705096440189,
        "316202:6675": 0.07581408962270432,
        "315689:6639": 0.34379748489699247,
        "316201:6675": 0.11342852370097252,
        "315764:6645": 0.1183490010803048,
        "315361:6621": 0.12376915173244972,
        "315363:6621": 0.03281943785645123,
        "315366:6621": 0.10258243915597445,
        "316569:6700": 0.4964390934662913,
        "316187:6674": 0.53660551235832,
        "316186:6674": 0.021700348807377274,
        "316059:6662": 0.17293071676503485,
        "316219:6677": 0.05010967583618976,
        "316944:6729": 0.5027767133303422,
        "316217:6677": 0.09253599750907594,
        "316216:6677": 0.1896482850456792,
        "315770:6646": 0.12759439828266098,
        "315270:6616": 0.08213894710070138,
        "315800:6650": 0.2239093154521912,
        "316457:6693": 0.32609709483763083,
        "316456:6693": 0.004399107399731434,
        "316455:6693": 0.013798498538722791,
        "315264:6616": 0.04447033242030303,
        "315784:6648": 0.08308112894340632,
        "315785:6648": 0.10946357872198387,
        "315488:6628": 0.2454146933620202,
        "315704:6640": 0.01641160611644879,
        "316876:6719": 0.2363318026597437,
        "315702:6640": 0.02952173138186958,
        "315703:6640": 0.1600560426602793,
        "316721:6711": 0.008924389332992342,
        "316723:6711": 0.017197395342696,
        "316722:6711": 0.13480647318530412,
        "315790:6648": 0.17165337783327872,
        "315713:6641": 0.3687270297785175,
        "315555:6636": 0.03247058506606347,
        "316715:6711": 0.019105042047328078,
        "316240:6681": 0.28456467782621664,
        "316241:6681": 0.05400307898526843,
        "316718:6711": 0.1011414337974945,
        "316082:6663": 0.14803879353796642,
        "316153:6672": 0.25271704973376397,
        "315322:6617": 0.1837820805063866,
        "315640:6638": 0.02729252060109958,
        "315645:6638": 0.16439736651997403,
        "315648:6638": 0.016194974772861085,
        "315721:6642": 0.21950383210586508,
        "316994:6733": 0.006970145136295194,
        "316995:6733": 0.18490271012426,
        "316993:6733": 0.08606880035717199,
        "315267:6616": 0.038752330485733615,
        "316218:6677": 0.24538450746504645,
        "316702:6710": 0.09490400495700635,
        "316701:6710": 0.14692586310408218,
        "316700:6710": 0.14910638815576308,
        "316716:6711": 0.0703974247892159,
        "315339:6618": 0.09621815216198595,
        "316664:6709": 0.007184736093437184,
        "316665:6709": 0.10155969846506226,
        "316666:6709": 0.2814938920297715,
        "316667:6709": 0.042146068179007776,
        "316877:6719": 0.11349840990611083,
        "316985:6731": 0.1813832833993897,
        "316505:6696": 0.4059928135156399,
        "315420:6624": 0.26296984073519464,
        "316060:6662": 0.19456968039455405,
        "316469:6694": 0.21147133997228468,
        "316380:6690": 0.175976660217617,
        "315973:6659": 0.2877918465128667,
        "315974:6659": 0.020137948115058913,
        "315741:6643": 0.028978196454673106
    },
    "Recorded": {
        "316271:6683": 0.03257179134250166,
        "316766:6714": 0.547318105259097,
        "316590:6702": 0.18463166422439717,
        "316928:6724": 0.04689198123209577,
        "315690:6639": 0.11563099057823384,
        "316615:6706": 0.04872773053332492,
        "315357:6620": 0.15431857704808813,
        "316470:6694": 0.1127049427677717,
        "316361:6688": 0.02853231597242268,
        "316363:6688": 0.005064104165943348,
        "316362:6688": 0.05494116339025732,
        "316199:6675": 0.3916127181877835,
        "316114:6666": 0.3621063851199545,
        "316110:6666": 0.07901710361397639,
        "316758:6712": 0.4432873969121849,
        "316613:6706": 0.033433232164883184,
        "316202:6675": 0.0733175977306917,
        "315689:6639": 0.3313549269862307,
        "316201:6675": 0.10602032031599821,
        "315764:6645": 0.11300003709709144,
        "315361:6621": 0.11899447806538171,
        "315363:6621": 0.018479565929930827,
        "315366:6621": 0.10083446822714637,
        "316569:6700": 0.48174291219654336,
        "316187:6674": 0.5098980540817581,
        "316186:6674": 0.018238350656284,
        "316059:6662": 0.16328206115494417,
        "316219:6677": 0.04857638394431137,
        "316944:6729": 0.4845918934154264,
        "316217:6677": 0.0850894345144973,
        "316216:6677": 0.17266382321944368,
        "315770:6646": 0.12268020334673486,
        "315270:6616": 0.0792332835729843,
        "315800:6650": 0.21245570935513833,
        "316457:6693": 0.3167898635356085,
        "316456:6693": 0.000554557453145094,
        "316455:6693": 0.010930417289905198,
        "315264:6616": 0.04074929499196216,
        "315784:6648": 0.07044369629836018,
        "315785:6648": 0.10283137577853366,
        "315488:6628": 0.23458871728266661,
        "315704:6640": 0.014132134790650185,
        "316876:6719": 0.21321312879580817,
        "315702:6640": 0.025389966117584706,
        "315703:6640": 0.15238898376420393,
        "316721:6711": 0.0037773462307979133,
        "316723:6711": 0.016711710587238734,
        "316722:6711": 0.12948405058248535,
        "315790:6648": 0.16786356830615845,
        "315713:6641": 0.35580709982651715,
        "315555:6636": 0.026350016038250684,
        "316715:6711": 0.0065575623072477865,
        "316240:6681": 0.27330008425671,
        "316241:6681": 0.051816296795731645,
        "316718:6711": 0.09553945382248948,
        "316082:6663": 0.14330895880393324,
        "316153:6672": 0.24568554446577703,
        "315322:6617": 0.17931718514410017,
        "315640:6638": 0.014320389468373426,
        "315645:6638": 0.15893234401730766,
        "315648:6638": 0.01578665666781748,
        "315721:6642": 0.2115231595719318,
        "316994:6733": 0.004587451582863469,
        "316995:6733": 0.17942123262890763,
        "316993:6733": 0.07677661771117159,
        "315267:6616": 0.03640150201899641,
        "316218:6677": 0.23689995682726642,
        "316702:6710": 0.0920435280324892,
        "316701:6710": 0.13859717509333716,
        "316700:6710": 0.1304132365145181,
        "316716:6711": 0.05957990701249024,
        "315339:6618": 0.09357568817250679,
        "316664:6709": 4.862135651423e-06,
        "316665:6709": 0.09498597859443773,
        "316666:6709": 0.26901557103208373,
        "316667:6709": 0.04073493435477876,
        "316877:6719": 0.108482658864706,
        "316985:6731": 0.17500512648812247,
        "316505:6696": 0.3924743956541737,
        "315420:6624": 0.2571166763512443,
        "316060:6662": 0.18785674040233463,
        "316469:6694": 0.2036172425890399,
        "316380:6690": 0.17191087816827683,
        "315973:6659": 0.2777216679632584,
        "315974:6659": 0.019315659710152783,
        "315741:6643": 0.027184645556551514
    },
    "Sum": {
        "Delivered": 13.053507572162523,
        "Recorded": 12.433060602774107
    }
}